
what is wrong in this"alter table admi modify column enrollid int primary key;" query

ChatGPT
The SQL query "ALTER TABLE admi MODIFY COLUMN enrollid INT PRIMARY KEY;" has a couple of potential issues:

Column Modification Syntax: The MODIFY COLUMN syntax might not work in some SQL databases like MySQL when you are trying to add a primary key constraint. Instead, you might need to use the ADD syntax for constraints.
Primary Key Constraint: Adding a primary key constraint directly might not work if the column enrollid already has duplicate values or NULL values.
Here is a corrected query for MySQL:

sql
Copy code
ALTER TABLE admi MODIFY COLUMN enrollid INT NOT NULL;
ALTER TABLE admi ADD PRIMARY KEY (enrollid);
For PostgreSQL, you might use:

sql
Copy code
ALTER TABLE admi ALTER COLUMN enrollid SET DATA TYPE INT;
ALTER TABLE admi ADD PRIMARY KEY (enrollid);
Here are the steps broken down:

Ensure the column is of the correct type and not nullable: Modify the column to ensure it is an integer and cannot have NULL values.
Add the primary key constraint: Add the primary key constraint to the column.
Ensure there are no duplicate values and no NULL values in the enrollid column before adding the primary key constraint. If there are, you will need to clean up the data first.

i have created two field with same name and data type but one of them is primary key now I want to delete the one which is not a primary key how to do it?.I am using postgresql


2/2

ChatGPT
To delete a column from a PostgreSQL table, you can use the ALTER TABLE ... DROP COLUMN command. However, PostgreSQL does not allow you to have two columns with the same name in a table. If you indeed have two columns with the same name, it's likely due to a mistake or misunderstanding.

Assuming you have a table admi with two columns that might appear to have the same name but are actually distinct (e.g., different cases or one with spaces), here’s how you can proceed:

Identify the columns: Use \d+ table_name to get detailed information about the columns in your table.

Drop the non-primary key column: Use the ALTER TABLE ... DROP COLUMN command.

Here’s an example based on your description:

Identify the columns:
sql
Copy code
\d+ admi
Look at the output carefully to identify the exact names of the columns.

Drop the non-primary key column:
If you find two columns named enrollid (perhaps one with spaces or special characters), you need to drop the correct one. Here’s an example where we assume you need to drop a column named enrollid_nonpk:
sql
Copy code
ALTER TABLE admi DROP COLUMN enrollid_nonpk;
If your columns have identical names, this situation shouldn't occur in a properly structured PostgreSQL table. Ensure you have named your columns correctly and distinctly.

If there’s some specific context or column naming issue not covered here, please provide more details for a more precise solution.

is it possible to modify the structure of the table like change the enrollid from 3 field to first

ChatGPT
Yes, you can change the order of columns in a table in PostgreSQL, but it's a bit indirect since PostgreSQL does not provide a straightforward command to reorder columns directly. Instead, you can achieve this by creating a new table with the desired column order, copying the data from the old table to the new table, and then renaming the new table to replace the old one.

Here's how you can do it:

Create a new table with the desired column order:

sql
Copy code
CREATE TABLE new_admi (
    enrollid INT PRIMARY KEY,
    -- other columns in the desired order
    column1 data_type,
    column2 data_type,
    ...
);
Copy data from the old table to the new table:

sql
Copy code
INSERT INTO new_admi (enrollid, column1, column2, ...)
SELECT enrollid, column1, column2, ...
FROM admi;
Drop the old table:

sql
Copy code
DROP TABLE admi;
Rename the new table to the old table's name:

sql
Copy code
ALTER TABLE new_admi RENAME TO admi;
Here's an example with specific columns:

Assume your original table admi has the following columns in this order:

column1
column2
enrollid (which you want to move to the first position)
column3
To reorder enrollid to the first position:

Create a new table:

sql
Copy code
CREATE TABLE new_admi (
    enrollid INT PRIMARY KEY,
    column1 data_type,
    column2 data_type,
    column3 data_type
);
Copy data from the old table to the new table:

sql
Copy code
INSERT INTO new_admi (enrollid, column1, column2, column3)
SELECT enrollid, column1, column2, column3
FROM admi;
Drop the old table:

sql
Copy code
DROP TABLE admi;
Rename the new table:

sql
Copy code
ALTER TABLE new_admi RENAME TO admi;
By following these steps, you effectively change the column order in your table. Note that while column order generally doesn't affect the performance or functionality of your queries, it can improve readability and make the schema more logical.

is it possible to delete a database using drop command?

ChatGPT
Yes, it is possible to delete a database in PostgreSQL using the DROP DATABASE command. The DROP DATABASE command removes the database catalog entries and deletes the directory containing the data. However, you need to be cautious as this action is irreversible and will permanently delete all data within the database.

Here is the syntax for the DROP DATABASE command:

sql
Copy code
DROP DATABASE database_name;
Steps to Drop a Database
Ensure no active connections: Before dropping a database, you must ensure that no active connections are using the database. You cannot drop a database while clients are connected to it. If necessary, you can terminate active connections to the database.

Connect to a different database: You cannot drop the database you are currently connected to. Connect to a different database (e.g., postgres or any other database) before issuing the DROP DATABASE command.

Drop the database: Use the DROP DATABASE command to delete the database.

Example
Check for active connections (optional, requires superuser privileges):

sql
Copy code
SELECT pg_terminate_backend(pg_stat_activity.pid)
FROM pg_stat_activity
WHERE pg_stat_activity.datname = 'your_database_name'
  AND pid <> pg_backend_pid();
Connect to a different database:

sh
Copy code
\c postgres
Drop the database:

sql
Copy code
DROP DATABASE your_database_name;
Complete Example
Assume you want to drop a database named testdb:

Terminate active connections (if needed):

sql
Copy code
SELECT pg_terminate_backend(pg_stat_activity.pid)
FROM pg_stat_activity
WHERE pg_stat_activity.datname = 'testdb'
  AND pid <> pg_backend_pid();
Connect to another database:

sh
Copy code
\c postgres
Drop the database:

sql
Copy code
DROP DATABASE testdb;
Make sure you have appropriate permissions and ensure that you have backed up any necessary data before dropping the database.

explain this"select dept,count(dept)
from student
group by dept having count(dep)=1
order by dept desc;" query in detail

ChatGPT
The provided SQL query:

sql
Copy code
SELECT dept, COUNT(dept)
FROM student
GROUP BY dept
HAVING COUNT(dept) = 1
ORDER BY dept DESC;
Breakdown of the Query
SELECT dept, COUNT(dept):

This part of the query specifies that you want to select two pieces of information: the department (dept) and the count of how many times each department appears (COUNT(dept)) in the student table.
FROM student:

This indicates that the data is being retrieved from the student table.
GROUP BY dept:

The GROUP BY clause groups the rows that have the same value in the dept column into summary rows. In other words, it aggregates the data by department. Each unique department will form a group.
HAVING COUNT(dept) = 1:

The HAVING clause is similar to the WHERE clause, but it is used with aggregated data. Here, it filters the groups created by GROUP BY to include only those departments that appear exactly once in the student table. This means that only departments with exactly one student will be included in the result set.
ORDER BY dept DESC:

This sorts the resulting rows by the dept column in descending order. DESC stands for "descending," meaning the departments will be listed from Z to A.
Detailed Explanation with Example
Consider a student table with the following data:

id	name	dept
1	Alice	Computer
2	Bob	Physics
3	Charlie	Chemistry
4	David	Physics
5	Eve	Biology
6	Frank	Biology
7	Grace	Economics
When this query is executed, the following steps occur:

Grouping:

The GROUP BY dept groups the rows by department, resulting in:
Computer: 1 student
Physics: 2 students
Chemistry: 1 student
Biology: 2 students
Economics: 1 student
Counting and Filtering:

The COUNT(dept) is calculated for each group, and the HAVING COUNT(dept) = 1 filters out groups that do not meet the condition:
Remaining groups are:
Computer: 1 student
Chemistry: 1 student
Economics: 1 student
Selecting and Ordering:

The SELECT dept, COUNT(dept) will select the department names and their counts.
The ORDER BY dept DESC sorts the remaining groups in descending order by department name:
Economics: 1 student
Computer: 1 student
Chemistry: 1 student
Final Result
The query returns the departments that have exactly one student, ordered in descending alphabetical order:

dept	count
Economics	1
Computer	1
Chemistry	1
Key Points to Remember
GROUP BY: Groups rows by specified columns.
COUNT: Aggregates data by counting the number of rows in each group.
HAVING: Filters groups based on conditions applied to aggregated data.
ORDER BY: Sorts the result set based on specified columns and order (ascending/descending).
This query is useful for identifying departments with a unique (one) student and listing them in descending order.

what is wrong in this"select
dep as "Department",
count(studentname) as "Number Of Students",
studentname as "Student from Dep" where performance=max(performance),
max(performance) as "Max Performance",
avg(performance) as "Average Performance"
from college

group by dep

order by count(studentname) desc;" query explain in simple

ChatGPT
The SQL query you provided has several issues. Let's break down the correct structure of the query and explain each part in simpler terms:

Corrected Query Structure:
sql
Copy code
SELECT
    dep AS "Department",
    COUNT(studentname) AS "Number Of Students",
    MAX(performance) AS "Max Performance",
    AVG(performance) AS "Average Performance"
FROM college
GROUP BY dep
ORDER BY COUNT(studentname) DESC;
Explanation:
SELECT clause:

dep AS "Department": Renames the dep column to "Department" in the result set.
COUNT(studentname) AS "Number Of Students": Counts the number of students in each department and names the result column "Number Of Students".
MAX(performance) AS "Max Performance": Calculates the maximum performance score in each department and names the result column "Max Performance".
AVG(performance) AS "Average Performance": Calculates the average performance score in each department and names the result column "Average Performance".
FROM clause:

FROM college: Specifies the college table as the source of data.
GROUP BY clause:

GROUP BY dep: Groups the rows by the dep column (department), so that the aggregate functions (COUNT, MAX, AVG) are applied to each department separately.
ORDER BY clause:

ORDER BY COUNT(studentname) DESC: Orders the result set by the count of students in each department in descending order (DESC).
Issues in the Original Query:
The WHERE clause is incorrectly placed after the SELECT clause. In SQL, the WHERE clause should come before the GROUP BY clause if you want to filter rows before grouping, and after the GROUP BY clause if you want to filter rows after grouping.
The WHERE clause uses performance=max(performance), which is not a valid condition. If you want to filter rows based on the maximum performance, you can use a subquery or a window function, but it's not clear from your query what exactly you're trying to achieve.
Simplified Explanation:
The corrected query calculates the number of students, maximum performance, and average performance for each department in a college. It then groups the results by department and orders them by the number of students in each department, showing the department name, number of students, maximum performance, and average performance in descending order of student count.

can you generate the corrected version of this query

ChatGPT
Certainly! Here is the corrected version of the query:

sql
Copy code
SELECT
    dep AS "Department",
    COUNT(studentname) AS "Number Of Students",
    MAX(performance) AS "Max Performance",
    AVG(performance) AS "Average Performance"
FROM college
GROUP BY dep
ORDER BY COUNT(studentname) DESC;
This query will correctly calculate the number of students, maximum performance, and average performance for each department in the college table, group the results by department, and then order the departments by the number of students in each department in descending order.

but I want the name of the student who got maximum marks in each dep

ChatGPT
To retrieve the name of the student who got the maximum marks in each department, you can use a subquery or a window function. Here's an example using a subquery:

sql
Copy code
SELECT
    dep AS "Department",
    COUNT(studentname) AS "Number Of Students",
    MAX(performance) AS "Max Performance",
    AVG(performance) AS "Average Performance",
    (
        SELECT studentname
        FROM college c2
        WHERE c1.dep = c2.dep
        ORDER BY performance DESC
        LIMIT 1
    ) AS "Student with Max Performance"
FROM college c1
GROUP BY dep
ORDER BY COUNT(studentname) DESC;
In this query:

The subquery (SELECT studentname FROM college c2 WHERE c1.dep = c2.dep ORDER BY performance DESC LIMIT 1) retrieves the studentname of the student who achieved the maximum performance in each department (c1.dep = c2.dep ensures that the subquery only considers students from the same department as the outer query).
AS "Student with Max Performance" gives the column an alias for the result set.
ORDER BY performance DESC LIMIT 1 in the subquery ensures that only the top student (highest performance) is selected for each department.
This query will give you the department name, number of students, maximum performance, average performance, and the name of the student with the maximum performance in each department.

how to find the nth highest score obtained by students in postgresql

ChatGPT
To find the nth highest score obtained by students in PostgreSQL, you can use the DISTINCT and LIMIT clauses together with the ORDER BY clause. Here's how you can do it:

sql
Copy code
SELECT DISTINCT performance
FROM college
ORDER BY performance DESC
OFFSET n-1 LIMIT 1;
Replace n with the desired position of the highest score you want to find. For example, to find the 3rd highest score, you would use OFFSET 2 LIMIT 1 because OFFSET is 0-based.

Here's a breakdown of the query:

SELECT DISTINCT performance: Selects only distinct performance scores.
ORDER BY performance DESC: Orders the performance scores in descending order.
OFFSET n-1: Skips the first n-1 rows. Since OFFSET is 0-based, for the nth highest score, you need to offset by n-1.
LIMIT 1: Limits the result to only one row, which will be the nth highest score.
For example, to find the 3rd highest score:

sql
Copy code
SELECT DISTINCT performance
FROM college
ORDER BY performance DESC
OFFSET 2 LIMIT 1;
does "offset 1" indicates first record or second record in the field

ChatGPT
In SQL, OFFSET 1 indicates the second record in the result set, not the first. This is because OFFSET is 0-based, meaning it counts from 0.

Here's how the OFFSET clause works:

OFFSET 0: Skips 0 rows, starting from the first row (i.e., includes the first row).
OFFSET 1: Skips 1 row, starting from the first row (i.e., excludes the first row and includes the second row).
OFFSET 2: Skips 2 rows, starting from the first row (i.e., excludes the first two rows and includes the third row).
And so on...
So, if you want to get the first record, you would use OFFSET 0. If you want to get the second record, you would use OFFSET 1, and so on.

what is wrong in this "select studentname,distinct performance,dep from college
order by performance desc
limit 2 offset 3 ;" query

ChatGPT
The issue with the query is the placement of the DISTINCT keyword. In PostgreSQL, the DISTINCT keyword should be placed immediately after the SELECT keyword, before the columns you want to select. Here's the corrected query:

sql
Copy code
SELECT DISTINCT ON (performance) studentname, performance, dep
FROM college
ORDER BY performance DESC
LIMIT 2 OFFSET 3;
In this corrected query:

DISTINCT ON (performance) ensures that only unique values of performance are considered. If you want distinct combinations of performance and dep, you can use DISTINCT ON (performance, dep).
ORDER BY performance DESC orders the rows by performance in descending order.
LIMIT 2 OFFSET 3 skips the first 3 rows and then retrieves the next 2 rows.
This query will select the unique combinations of studentname, performance, and dep, ordered by performance in descending order, and skip the first 3 rows, returning the next 2 rows.

is it possible to find n th highest score using max funcions some other ways?

ChatGPT
Yes, you can find the nth highest score using the MAX function and a subquery. One common approach is to use a subquery to select the distinct performance scores in descending order and then use OFFSET and LIMIT to get the nth highest score. Here's an example:

sql
Copy code
SELECT MAX(performance) AS nth_highest_score
FROM (
    SELECT DISTINCT performance
    FROM college
    ORDER BY performance DESC
    OFFSET n-1 LIMIT 1
) AS subquery;
Replace n with the desired position of the nth highest score you want to find. For example, to find the 3rd highest score, you would use OFFSET 2 LIMIT 1 because OFFSET is 0-based.

This query uses a subquery to first select the distinct performance scores, orders them in descending order, skips the first n-1 rows, and then limits the result to only one row, which will be the nth highest score. The outer query then uses the MAX function to retrieve this value.

how to display alternative records in postgresql

ChatGPT
To display alternative records in PostgreSQL, you can use the ROW_NUMBER() window function to assign a unique sequential integer to rows within a result set, and then filter based on the row number. Here’s an example of how you can achieve this:

Example: Displaying Alternative Records
Let's assume you have a table named students:

sql
Copy code
CREATE TABLE students (
    id SERIAL PRIMARY KEY,
    name VARCHAR(100),
    performance INT
);
To display every second record (alternating records), you can use the following query:

sql
Copy code
SELECT *
FROM (
    SELECT
        id,
        name,
        performance,
        ROW_NUMBER() OVER (ORDER BY id) AS row_num
    FROM students
) subquery
WHERE row_num % 2 = 1; -- To get odd rows, use % 2 = 1; for even rows, use % 2 = 0
Explanation
ROW_NUMBER() OVER (ORDER BY id):

This function assigns a unique sequential integer to each row in the result set, starting from 1, based on the order specified (in this case, ordered by id).
Subquery:

The subquery generates a result set with an additional column row_num that contains the row numbers.
Filtering:

The outer query filters the rows based on the row number modulo operation. Using WHERE row_num % 2 = 1 filters for odd row numbers (1, 3, 5, ...), thus selecting alternate records. If you want to select even rows, you can use WHERE row_num % 2 = 0.
This approach works effectively to retrieve alternating records from a PostgreSQL table.

teach me about rownum with an realtime simple example in postgresql

ChatGPT
The ROW_NUMBER() function in PostgreSQL is a window function that assigns a unique sequential integer to rows within a partition of a result set. Each row in each partition will have a unique ROW_NUMBER() value, starting from 1.

Real-Time Example
Let's say you have a table named students with the following data:

sql
Copy code
CREATE TABLE students (
    id SERIAL PRIMARY KEY,
    name VARCHAR(100),
    performance INT
);

INSERT INTO students (name, performance) VALUES
('Alice', 85),
('Bob', 90),
('Charlie', 80),
('David', 95),
('Eve', 70);
Using ROW_NUMBER()
Assigning Row Numbers to All Rows
Here's a simple example to assign row numbers to each row based on the id column:

sql
Copy code
SELECT
    id,
    name,
    performance,
    ROW_NUMBER() OVER (ORDER BY id) AS row_num
FROM students;
Result:

id	name	performance	row_num
1	Alice	85	1
2	Bob	90	2
3	Charlie	80	3
4	David	95	4
5	Eve	70	5
Example with Partitions
You can also partition the result set and assign row numbers within each partition. For example, if you want to assign row numbers to students grouped by their performance ranges (let's assume we classify them as 'High' for performance >= 90, 'Medium' for performance between 80 and 89, and 'Low' for performance < 80):

sql
Copy code
SELECT
    id,
    name,
    performance,
    CASE
        WHEN performance >= 90 THEN 'High'
        WHEN performance >= 80 THEN 'Medium'
        ELSE 'Low'
    END AS performance_category,
    ROW_NUMBER() OVER (PARTITION BY
        CASE
            WHEN performance >= 90 THEN 'High'
            WHEN performance >= 80 THEN 'Medium'
            ELSE 'Low'
        END
        ORDER BY performance DESC) AS row_num
FROM students;
Result:

id	name	performance	performance_category	row_num
4	David	95	High	1
2	Bob	90	High	2
1	Alice	85	Medium	1
3	Charlie	80	Medium	2
5	Eve	70	Low	1
Explanation
ROW_NUMBER() OVER (ORDER BY id):

Assigns row numbers to each row in the result set ordered by id.
ROW_NUMBER() OVER (PARTITION BY ... ORDER BY performance DESC):

Partitions the rows into categories based on performance ranges.
Assigns row numbers within each partition ordered by performance in descending order.
Using ROW_NUMBER() to Get Specific Rows
You can use the ROW_NUMBER() function to get specific rows, such as the top performer in each performance category:

sql
Copy code
SELECT id, name, performance, performance_category
FROM (
    SELECT
        id,
        name,
        performance,
        CASE
            WHEN performance >= 90 THEN 'High'
            WHEN performance >= 80 THEN 'Medium'
            ELSE 'Low'
        END AS performance_category,
        ROW_NUMBER() OVER (PARTITION BY
            CASE
                WHEN performance >= 90 THEN 'High'
                WHEN performance >= 80 THEN 'Medium'
                ELSE 'Low'
            END
            ORDER BY performance DESC) AS row_num
    FROM students
) subquery
WHERE row_num = 1;
Result:

id	name	performance	performance_category
4	David	95	High
1	Alice	85	Medium
5	Eve	70	Low
This query selects the top performer in each performance category by filtering for rows where row_num = 1.

Summary
The ROW_NUMBER() function is a powerful tool in PostgreSQL for assigning unique sequential integers to rows within partitions of a result set. It is especially useful for ranking, filtering, and organizing data in various ways.

how to return the nth record in a column (where there is no id or any other indication for their number)

ChatGPT
To return the nth record in a column where there is no explicit identifier like an id column, you can use the ROW_NUMBER() window function to assign row numbers based on the order of the records. You can then filter these row numbers to get the nth record.

Here’s how you can do it in PostgreSQL:

Example Table
Let's assume you have a table named students:

sql
Copy code
CREATE TABLE students (
    name VARCHAR(100),
    performance INT
);

INSERT INTO students (name, performance) VALUES
('Alice', 85),
('Bob', 90),
('Charlie', 80),
('David', 95),
('Eve', 70);
Query to Get the nth Record
To get the nth record, you can use a common table expression (CTE) with the ROW_NUMBER() function:

sql
Copy code
WITH numbered_students AS (
    SELECT
        name,
        performance,
        ROW_NUMBER() OVER (ORDER BY name) AS row_num
    FROM students
)
SELECT
    name,
    performance
FROM numbered_students
WHERE row_num = n;
Replace n with the desired row number.

Example: Get the 3rd Record
If you want to get the 3rd record, replace n with 3:

sql
Copy code
WITH numbered_students AS (
    SELECT
        name,
        performance,
        ROW_NUMBER() OVER (ORDER BY name) AS row_num
    FROM students
)
SELECT
    name,
    performance
FROM numbered_students
WHERE row_num = 3;
Explanation
Common Table Expression (CTE):
WITH numbered_students AS (...): Defines a CTE named numbered_students.
ROW_NUMBER() OVER (ORDER BY name):
Assigns a unique sequential integer (row_num) to each row in the result set, ordered by the name column.
Filter by row_num:
WHERE row_num = n: Filters the rows to return only the row with the specified row_num.
Flexible Ordering
You can modify the ORDER BY clause within the ROW_NUMBER() function to use any column or combination of columns to define the order in which rows are numbered. For example, if you want to order by performance, you can change the ORDER BY clause:

sql
Copy code
WITH numbered_students AS (
    SELECT
        name,
        performance,
        ROW_NUMBER() OVER (ORDER BY performance DESC) AS row_num
    FROM students
)
SELECT
    name,
    performance
FROM numbered_students
WHERE row_num = 3;
In this modified example, rows are ordered by performance in descending order, and the query returns the 3rd highest performance.

This approach allows you to dynamically assign row numbers and select specific records based on their position within the ordered result set.

how to display only distinct records(if there is duplicate it should only appear once) from a table

ChatGPT
To display only distinct records from a table in PostgreSQL, you can use the DISTINCT keyword. This will remove duplicate rows from the result set, ensuring that each unique combination of column values appears only once.

Example Table
Let's assume you have a table named students:

sql
Copy code
CREATE TABLE students (
    name VARCHAR(100),
    performance INT
);

INSERT INTO students (name, performance) VALUES
('Alice', 85),
('Bob', 90),
('Alice', 85), -- Duplicate row
('David', 95),
('Eve', 70);
Query to Display Only Distinct Records
To display only distinct records from this table, you can use the following query:

sql
Copy code
SELECT DISTINCT name, performance
FROM students;
Explanation
SELECT DISTINCT name, performance: The DISTINCT keyword ensures that only unique combinations of name and performance are selected.
FROM students: Specifies the table from which to select the records.
Result
The result will display only unique rows:

name	performance
Alice	85
Bob	90
David	95
Eve	70
Handling Complete Row Duplicates
If your table has complete row duplicates and you want to ensure that each row is unique in its entirety, using DISTINCT without specifying columns will work as well:

sql
Copy code
SELECT DISTINCT *
FROM students;
This will also remove rows where all column values are identical, ensuring that each row in the result set is unique.

Removing Duplicates and Keeping Only One Instance
If you want to remove duplicates from a table and keep only one instance of each unique row, you can use the DISTINCT ON clause, which allows you to specify which columns to consider when determining duplicates.

For example, to keep only one instance of each unique name and performance combination:

sql
Copy code
SELECT DISTINCT ON (name, performance) *
FROM students
ORDER BY name, performance;
Result
The result will display only one instance of each unique name and performance combination:

name	performance
Alice	85
Bob	90
David	95
Eve	70
This approach ensures that each combination of name and performance appears only once in the result set.

how to delete the duplicate records in a table

ChatGPT
To delete duplicate records from a table in PostgreSQL while keeping one instance of each unique row, you can use the ROW_NUMBER() window function to identify duplicates and then delete them based on their row numbers. Here’s how you can do it:

Example Table
Let's assume you have a table named students with some duplicate rows:

sql
Copy code
CREATE TABLE students (
    id SERIAL PRIMARY KEY,
    name VARCHAR(100),
    performance INT
);

INSERT INTO students (name, performance) VALUES
('Alice', 85),
('Bob', 90),
('Alice', 85), -- Duplicate row
('David', 95),
('Eve', 70),
('Bob', 90); -- Duplicate row
Steps to Delete Duplicate Records
Identify Duplicates Using ROW_NUMBER(): Assign row numbers to each row based on their unique combinations.
Delete Duplicates: Delete rows that have row numbers greater than 1 within their duplicate groups.
SQL Queries
Identify Duplicates:
sql
Copy code
WITH duplicates AS (
    SELECT
        id,
        name,
        performance,
        ROW_NUMBER() OVER (PARTITION BY name, performance ORDER BY id) AS row_num
    FROM students
)
SELECT *
FROM duplicates
WHERE row_num > 1;
This query helps you visualize which rows are considered duplicates. Rows with row_num > 1 are duplicates.

Delete Duplicates:
sql
Copy code
WITH duplicates AS (
    SELECT
        id,
        ROW_NUMBER() OVER (PARTITION BY name, performance ORDER BY id) AS row_num
    FROM students
)
DELETE FROM students
WHERE id IN (
    SELECT id
    FROM duplicates
    WHERE row_num > 1
);
Explanation
Common Table Expression (CTE):

The duplicates CTE generates a result set with an additional column row_num that contains row numbers assigned within each group of duplicates (partitioned by name and performance).
DELETE FROM students WHERE id IN (...SELECT id FROM duplicates WHERE row_num > 1):

Deletes rows from the students table where the id matches any id from the duplicates CTE that has a row_num greater than 1. This effectively removes duplicate rows while keeping the first occurrence of each unique row.
Result
After executing the delete query, your table will no longer contain duplicate rows:

sql
Copy code
SELECT * FROM students;
Result:

id	name	performance
1	Alice	85
2	Bob	90
4	David	95
5	Eve	70
This approach ensures that each unique combination of name and performance appears only once in the table, keeping the row with the lowest id for each group of duplicates.

explain self join with a relatable realtime example in detail

ChatGPT
A self join is a regular join, but the table is joined with itself. This can be useful in scenarios where you need to compare rows within the same table or where hierarchical relationships exist within the table.

Real-Time Example: Employee Hierarchy
Let's consider a typical use case of an employee hierarchy where each employee has a manager. We want to find out who reports to whom.

Table Structure
Assume we have a table named employees with the following structure:

sql
Copy code
CREATE TABLE employees (
    id SERIAL PRIMARY KEY,
    name VARCHAR(100),
    manager_id INT
);
id: The unique identifier for each employee.
name: The name of the employee.
manager_id: The id of the manager for this employee. If manager_id is NULL, the employee does not have a manager (e.g., the CEO).
Sample Data
Let's insert some sample data into the employees table:

sql
Copy code
INSERT INTO employees (name, manager_id) VALUES
('Alice', NULL), -- Alice is the CEO
('Bob', 1), -- Bob reports to Alice
('Charlie', 1), -- Charlie reports to Alice
('David', 2), -- David reports to Bob
('Eve', 2), -- Eve reports to Bob
('Frank', 3); -- Frank reports to Charlie
Self Join Query
To find out who reports to whom, you can perform a self join on the employees table:

sql
Copy code
SELECT
    e1.name AS employee,
    e2.name AS manager
FROM
    employees e1
LEFT JOIN
    employees e2 ON e1.manager_id = e2.id;
Explanation
Table Aliases:

We use table aliases e1 and e2 to distinguish between the two instances of the employees table.
e1 represents the employees.
e2 represents the managers.
Join Condition:

We join the table with itself on the condition that e1.manager_id = e2.id.
This means we are finding the manager for each employee by matching the manager_id in e1 with the id in e2.
LEFT JOIN:

A LEFT JOIN is used to include employees who do not have a manager (manager_id is NULL), such as the CEO.
Result
The result of the query will be:

employee	manager
Alice	NULL
Bob	Alice
Charlie	Alice
David	Bob
Eve	Bob
Frank	Charlie
Explanation of the Result
Alice has no manager (the CEO).
Bob and Charlie report to Alice.
David and Eve report to Bob.
Frank reports to Charlie.
Use Cases for Self Join
Hierarchical Relationships: As shown in the example, to find relationships in hierarchical data such as organizational structures.
Finding Pairs: To find pairs of related rows within the same table, such as customers who share the same interests or employees who joined the company in the same month.
Comparing Rows: To compare rows within the same table, such as finding employees with the same salary or students with the same grades.
Example: Finding Employees with the Same Manager
If you want to find employees who share the same manager, you can extend the self join query:

sql
Copy code
SELECT
    e1.name AS employee1,
    e2.name AS employee2,
    e3.name AS manager
FROM
    employees e1
JOIN
    employees e2 ON e1.manager_id = e2.manager_id
JOIN
    employees e3 ON e1.manager_id = e3.id
WHERE
    e1.id <> e2.id
ORDER BY
    e3.name, e1.name;
Result:

employee1	employee2	manager
Bob	Charlie	Alice
David	Eve	Bob
This result shows pairs of employees who report to the same manager.

Summary
A self join in PostgreSQL is a powerful tool to analyze and manipulate hierarchical and comparative data within the same table. By using table aliases and join conditions appropriately, you can extract meaningful relationships and insights from your data.

explain about constraints in postgresql in detail with realtime example

ChatGPT
In PostgreSQL, constraints are rules applied to columns or entire tables that restrict the types of data that can be inserted. Constraints help ensure the integrity, accuracy, and reliability of the data in the database. Here are the types of constraints commonly used in PostgreSQL, along with real-time examples:

Types of Constraints
NOT NULL Constraint: Ensures that a column cannot have a NULL value.
UNIQUE Constraint: Ensures that all values in a column or a set of columns are unique.
PRIMARY KEY Constraint: A combination of a NOT NULL and UNIQUE constraint. It uniquely identifies each row in a table.
FOREIGN KEY Constraint: Ensures that the value in a column (or a set of columns) matches values in another table's primary key.
CHECK Constraint: Ensures that values in a column satisfy a specific condition.
EXCLUSION Constraint: Ensures that if any two rows are compared on the specified columns or expressions using the specified operators, at least one of the comparisons will return false or NULL.
Real-Time Examples
Let's consider a scenario where we are creating a database for a school to manage students and courses.

1. NOT NULL Constraint
Ensuring that every student has a name:

sql
Copy code
CREATE TABLE students (
    id SERIAL PRIMARY KEY,
    name VARCHAR(100) NOT NULL,
    age INT
);
2. UNIQUE Constraint
Ensuring that student emails are unique:

sql
Copy code
ALTER TABLE students
ADD COLUMN email VARCHAR(100);

ALTER TABLE students
ADD CONSTRAINT unique_email UNIQUE (email);
3. PRIMARY KEY Constraint
Each course should have a unique course code:

sql
Copy code
CREATE TABLE courses (
    course_id SERIAL PRIMARY KEY,
    course_name VARCHAR(100) NOT NULL
);
4. FOREIGN KEY Constraint
Ensuring that each enrollment links to an existing student and course:

sql
Copy code
CREATE TABLE enrollments (
    student_id INT,
    course_id INT,
    enrollment_date DATE,
    PRIMARY KEY (student_id, course_id),
    FOREIGN KEY (student_id) REFERENCES students(id),
    FOREIGN KEY (course_id) REFERENCES courses(course_id)
);
5. CHECK Constraint
Ensuring that the age of a student is between 5 and 100:

sql
Copy code
ALTER TABLE students
ADD CONSTRAINT age_check CHECK (age >= 5 AND age <= 100);
6. EXCLUSION Constraint
Ensuring no two courses have the same time slot:

sql
Copy code
CREATE TABLE course_schedule (
    course_id INT,
    schedule_time TIMESTAMP,
    EXCLUDE USING gist (course_id WITH =, schedule_time WITH =),
    FOREIGN KEY (course_id) REFERENCES courses(course_id)
);
Practical Example: School Database
Let's create a simple school database using the constraints discussed above:

sql
Copy code
-- Create the students table
CREATE TABLE students (
    id SERIAL PRIMARY KEY,
    name VARCHAR(100) NOT NULL,
    email VARCHAR(100) UNIQUE,
    age INT CHECK (age >= 5 AND age <= 100)
);

-- Create the courses table
CREATE TABLE courses (
    course_id SERIAL PRIMARY KEY,
    course_name VARCHAR(100) NOT NULL
);

-- Create the enrollments table
CREATE TABLE enrollments (
    student_id INT,
    course_id INT,
    enrollment_date DATE,
    PRIMARY KEY (student_id, course_id),
    FOREIGN KEY (student_id) REFERENCES students(id),
    FOREIGN KEY (course_id) REFERENCES courses(course_id)
);

-- Insert sample data into students
INSERT INTO students (name, email, age) VALUES
('Alice', 'alice@example.com', 20),
('Bob', 'bob@example.com', 22),
('Charlie', 'charlie@example.com', 25);

-- Insert sample data into courses
INSERT INTO courses (course_name) VALUES
('Mathematics'),
('Physics'),
('Chemistry');

-- Insert sample data into enrollments
INSERT INTO enrollments (student_id, course_id, enrollment_date) VALUES
(1, 1, '2024-01-15'),
(2, 2, '2024-01-16'),
(3, 3, '2024-01-17');
Explanation
NOT NULL Constraint:
Ensures that the name column in the students table cannot be NULL.
UNIQUE Constraint:
Ensures that the email column in the students table is unique across all rows.
PRIMARY KEY Constraint:
Ensures that each row in the students and courses tables is uniquely identified by id and course_id, respectively.
In the enrollments table, a composite primary key ensures that each combination of student_id and course_id is unique.
FOREIGN KEY Constraint:
Ensures referential integrity by linking student_id in the enrollments table to id in the students table, and course_id in the enrollments table to course_id in the courses table.
CHECK Constraint:
Ensures that the age column in the students table contains values between 5 and 100.
Using constraints, you can enforce data integrity rules at the database level, preventing invalid data from being inserted and ensuring relationships between tables are maintained correctly.

teach me about transactions in postgresql in detail (cover all the important concepts)

ChatGPT
Transactions in PostgreSQL are a fundamental concept used to ensure the integrity and consistency of data. A transaction is a sequence of operations performed as a single logical unit of work. If any of the operations within a transaction fail, the entire transaction is rolled back, leaving the database in its original state. Conversely, if all operations succeed, the transaction is committed, making the changes permanent.

Key Concepts of Transactions
Atomicity: Ensures that all operations within a transaction are completed successfully; otherwise, the transaction is aborted and all operations are rolled back.
Consistency: Ensures that the database remains in a consistent state before and after the transaction.
Isolation: Ensures that operations within a transaction are isolated from operations in other transactions.
Durability: Ensures that once a transaction is committed, the changes are permanent, even in the event of a system failure.
Basic Commands
BEGIN: Starts a new transaction.
COMMIT: Commits the current transaction, making all changes permanent.
ROLLBACK: Aborts the current transaction, undoing all changes.
Example
Let's illustrate these concepts with an example. Consider two tables: accounts and transactions.

sql
Copy code
CREATE TABLE accounts (
    id SERIAL PRIMARY KEY,
    name VARCHAR(100),
    balance NUMERIC
);

CREATE TABLE transactions (
    id SERIAL PRIMARY KEY,
    account_id INT REFERENCES accounts(id),
    amount NUMERIC,
    transaction_date TIMESTAMP DEFAULT CURRENT_TIMESTAMP
);
Suppose we want to transfer 100 units from Alice's account to Bob's account. Here's how we would use a transaction to ensure the transfer is atomic and consistent:

sql
Copy code
BEGIN;

-- Deduct 100 from Alice's account
UPDATE accounts SET balance = balance - 100 WHERE name = 'Alice';

-- Add 100 to Bob's account
UPDATE accounts SET balance = balance + 100 WHERE name = 'Bob';

-- Insert a record of the transaction
INSERT INTO transactions (account_id, amount) VALUES
((SELECT id FROM accounts WHERE name = 'Alice'), -100),
((SELECT id FROM accounts WHERE name = 'Bob'), 100);

COMMIT;
If any of these operations fail, we can use ROLLBACK to undo all changes:

sql
Copy code
BEGIN;

-- Deduct 100 from Alice's account
UPDATE accounts SET balance = balance - 100 WHERE name = 'Alice';

-- Simulate an error (e.g., division by zero)
SELECT 1 / 0;

-- Add 100 to Bob's account
UPDATE accounts SET balance = balance + 100 WHERE name = 'Bob';

-- Insert a record of the transaction
INSERT INTO transactions (account_id, amount) VALUES
((SELECT id FROM accounts WHERE name = 'Alice'), -100),
((SELECT id FROM accounts WHERE name = 'Bob'), 100);

ROLLBACK; -- All changes will be undone
Savepoints
Savepoints allow you to create intermediate points within a transaction that you can roll back to without affecting the entire transaction.

sql
Copy code
BEGIN;

-- Deduct 100 from Alice's account
UPDATE accounts SET balance = balance - 100 WHERE name = 'Alice';

SAVEPOINT savepoint1;

-- Add 100 to Bob's account
UPDATE accounts SET balance = balance + 100 WHERE name = 'Bob';

-- Simulate an error after the savepoint
SELECT 1 / 0;

-- Roll back to savepoint1, undoing the update to Bob's account but keeping the deduction from Alice's account
ROLLBACK TO SAVEPOINT savepoint1;

-- Commit the remaining transaction
COMMIT;
Isolation Levels
PostgreSQL supports four transaction isolation levels:

Read Uncommitted: Allows dirty reads, where one transaction can see uncommitted changes made by other transactions. This level is rarely used due to the potential for inconsistency.
Read Committed: The default level in PostgreSQL. A transaction only sees changes committed before it began.
Repeatable Read: Ensures that if a transaction reads a row, it will see the same data throughout the transaction.
Serializable: The strictest level, ensuring complete isolation from other transactions, as if transactions are executed sequentially.
You can set the isolation level for a transaction:

sql
Copy code
SET TRANSACTION ISOLATION LEVEL SERIALIZABLE;

BEGIN;

-- Transaction operations

COMMIT;
Practical Use Case: Bank Account Transfer
Here’s a more detailed example demonstrating the complete use of transactions:

sql
Copy code
BEGIN;

-- Start the transaction
SET TRANSACTION ISOLATION LEVEL SERIALIZABLE;

-- Deduct 100 from Alice's account
UPDATE accounts SET balance = balance - 100 WHERE name = 'Alice';

-- Check if Alice has enough balance (this ensures no overdraft)
DO $$ 
BEGIN
    IF (SELECT balance FROM accounts WHERE name = 'Alice') < 0 THEN
        RAISE EXCEPTION 'Insufficient funds for Alice';
    END IF;
END $$;

-- Add 100 to Bob's account
UPDATE accounts SET balance = balance + 100 WHERE name = 'Bob';

-- Insert a record of the transaction
INSERT INTO transactions (account_id, amount) VALUES
((SELECT id FROM accounts WHERE name = 'Alice'), -100),
((SELECT id FROM accounts WHERE name = 'Bob'), 100);

COMMIT;
In this example, we:

Start the transaction with BEGIN.
Set the isolation level to ensure no other transactions interfere.
Update the accounts with the transfer.
Check the balance to ensure Alice has enough funds.
Insert transaction records.
Commit the transaction if all operations succeed.
If any step fails (e.g., Alice does not have enough balance), the transaction is rolled back, maintaining data integrity.

Summary
Transactions in PostgreSQL are essential for maintaining data integrity and consistency. By using BEGIN, COMMIT, ROLLBACK, and SAVEPOINT, along with appropriate isolation levels, you can ensure that your database operations are reliable and adhere to the ACID principles. Understanding and utilizing these concepts allows for robust and error-resistant database applications.

explain the acid properties with a simple example in detail in transactions

ChatGPT
The ACID properties—Atomicity, Consistency, Isolation, and Durability—are the key properties that ensure reliable processing of database transactions. Let's go through each property in detail with a simple example.

1. Atomicity
Atomicity ensures that all operations within a transaction are completed successfully or none at all. This means that if one part of the transaction fails, the entire transaction is rolled back, and the database remains unchanged.

Example:
Suppose you want to transfer $100 from Alice's account to Bob's account. The transaction consists of two operations:

Deduct $100 from Alice's account.
Add $100 to Bob's account.
If the deduction from Alice's account succeeds but the addition to Bob's account fails, the transaction should roll back to ensure that neither operation affects the database.

sql
Copy code
BEGIN;

-- Deduct $100 from Alice's account
UPDATE accounts SET balance = balance - 100 WHERE name = 'Alice';

-- Simulate an error (e.g., division by zero)
SELECT 1 / 0;

-- Add $100 to Bob's account
UPDATE accounts SET balance = balance + 100 WHERE name = 'Bob';

ROLLBACK; -- All changes will be undone
2. Consistency
Consistency ensures that a transaction brings the database from one valid state to another valid state, maintaining database invariants. The database constraints (like foreign keys, unique constraints, and checks) must always be satisfied.

Example:
If you have a constraint that the balance in any account should not be negative, then any transaction that results in a negative balance will be rolled back to maintain consistency.

sql
Copy code
BEGIN;

-- Deduct $200 from Alice's account
UPDATE accounts SET balance = balance - 200 WHERE name = 'Alice';

-- Check if Alice has enough balance
DO $$ 
BEGIN
    IF (SELECT balance FROM accounts WHERE name = 'Alice') < 0 THEN
        RAISE EXCEPTION 'Insufficient funds for Alice';
    END IF;
END $$;

-- Add $200 to Bob's account
UPDATE accounts SET balance = balance + 200 WHERE name = 'Bob';

COMMIT;
3. Isolation
Isolation ensures that transactions are executed in isolation from each other. Intermediate results of a transaction are not visible to other transactions until the transaction is committed.

Example:
Consider two transactions running concurrently:

Transaction A transfers $100 from Alice to Bob.
Transaction B checks the balance of Alice's account.
If Transaction B reads Alice's balance while Transaction A is still in progress, it should not see the intermediate state where $100 has been deducted from Alice but not yet added to Bob.

sql
Copy code
-- Transaction A
BEGIN;
UPDATE accounts SET balance = balance - 100 WHERE name = 'Alice';
-- Intermediate state: Alice's balance is reduced but not yet committed

-- Transaction B
BEGIN;
SELECT balance FROM accounts WHERE name = 'Alice';
-- Transaction B should see the balance before the deduction by Transaction A
COMMIT;

-- Continue Transaction A
UPDATE accounts SET balance = balance + 100 WHERE name = 'Bob';
COMMIT;
4. Durability
Durability ensures that once a transaction is committed, the changes are permanent, even in the event of a system failure.

Example:
If the transaction transferring $100 from Alice to Bob is committed, the changes will be stored permanently. Even if the system crashes immediately after the commit, the changes will not be lost.

sql
Copy code
BEGIN;

-- Deduct $100 from Alice's account
UPDATE accounts SET balance = balance - 100 WHERE name = 'Alice';

-- Add $100 to Bob's account
UPDATE accounts SET balance = balance + 100 WHERE name = 'Bob';

COMMIT; -- The changes are now permanent
Practical Example with ACID Properties
Let's put all the ACID properties together in a single example:

Atomicity: Ensure the entire transfer process is completed or none at all.
Consistency: Ensure no negative balances and all constraints are satisfied.
Isolation: Ensure intermediate steps are not visible to other transactions.
Durability: Ensure changes are permanent after commit.
sql
Copy code
-- Step 1: Start the transaction
BEGIN;

-- Step 2: Deduct $100 from Alice's account
UPDATE accounts SET balance = balance - 100 WHERE name = 'Alice';

-- Step 3: Check if Alice has enough balance (ensuring consistency)
DO $$ 
BEGIN
    IF (SELECT balance FROM accounts WHERE name = 'Alice') < 0 THEN
        RAISE EXCEPTION 'Insufficient funds for Alice';
    END IF;
END $$;

-- Step 4: Add $100 to Bob's account
UPDATE accounts SET balance = balance + 100 WHERE name = 'Bob';

-- Step 5: Commit the transaction (ensuring durability)
COMMIT;
In this example:

Atomicity: If any step fails, the transaction rolls back.
Consistency: The CHECK constraint ensures no negative balance.
Isolation: Intermediate states are not visible to other transactions.
Durability: Once committed, the changes are permanent.
By understanding and applying the ACID properties, you can ensure the reliability and integrity of transactions in your PostgreSQL database.

thats great know I have a good understanding on acid properties thanks mate

ChatGPT
Memory updated
You're welcome! I'm glad you have a good understanding of ACID properties now. If you have any more questions or need further clarification on anything else, feel free to ask!

teach me about the isolation levels in detail with relevant simple example

ChatGPT
